Дата,User ID,Username
2025-04-22 21:30:44,5364888869,noon_day
2025-04-22 21:30:55,5364888869,noon_day
2025-04-22 21:35:51,5364888869,noon_day
2025-04-22 21:41:10,5364888869,noon_day
2025-04-22 21:51:00,5364888869,noon_day
2025-04-22 21:51:43,5364888869,noon_day
2025-04-22 21:52:07,5364888869,noon_day
2025-04-23 17:21:12,824714615,kostennis74
2025-04-23 17:23:54,5364888869,noon_day
2025-04-23 17:24:32,5364888869,noon_day
2025-04-23 17:50:09,5364888869,noon_day
2025-04-23 17:50:16,5364888869,noon_day
2025-04-23 17:54:28,5364888869,noon_day
2025-04-23 17:54:36,5364888869,noon_day
2025-04-23 17:54:53,5364888869,noon_day
2025-04-23 17:59:41,5364888869,noon_day
2025-04-23 18:00:01,5364888869,noon_day
2025-04-23 18:03:40,5364888869,noon_day
2025-04-23 19:52:57,5364888869,noon_day
2025-04-23 19:53:01,5364888869,noon_day
2025-04-23 19:55:51,5364888869,noon_day
2025-04-23 19:55:54,5364888869,noon_day
2025-04-24 17:23:08,5364888869,noon_day
2025-04-24 17:23:11,5364888869,noon_day
2025-04-24 18:58:57,5364888869,noon_day
2025-04-24 18:59:00,5364888869,noon_day
2025-04-26 12:06:06,5364888869,noon_day
2025-04-26 12:07:13,5364888869,noon_day
2025-04-26 12:07:21,5364888869,noon_day
2025-04-26 12:07:33,5364888869,noon_day
2025-04-26 12:07:37,5364888869,noon_day
2025-04-26 12:33:01,5364888869,noon_day
2025-04-27 21:09:39,5364888869,noon_day
2025-04-27 21:09:42,5364888869,noon_day
2025-04-27 21:13:33,5364888869,noon_day
2025-04-27 21:13:40,5364888869,noon_day
2025-04-27 21:13:49,5364888869,noon_day
2025-04-27 21:14:06,5364888869,noon_day
2025-04-27 21:14:11,5364888869,noon_day
2025-04-27 21:14:24,5364888869,noon_day
2025-04-27 21:14:28,5364888869,noon_day
2025-04-27 21:14:31,5364888869,noon_day
2025-04-27 21:16:01,5364888869,noon_day
2025-04-27 21:17:51,5364888869,noon_day
2025-04-27 21:17:56,5364888869,noon_day
2025-04-27 22:04:46,5364888869,noon_day
2025-04-27 22:04:52,5364888869,noon_day
2025-04-27 22:12:09,5364888869,noon_day
2025-04-27 22:13:37,5364888869,noon_day
2025-04-27 22:13:43,5364888869,noon_day
2025-04-27 22:14:06,5364888869,noon_day
2025-04-27 22:20:04,5364888869,noon_day
2025-04-27 22:20:07,5364888869,noon_day
2025-04-27 22:20:12,5364888869,noon_day
2025-04-27 22:20:27,5364888869,noon_day
2025-04-27 22:23:53,5364888869,noon_day
2025-04-27 22:24:01,5364888869,noon_day
2025-04-27 22:24:03,5364888869,noon_day
2025-04-27 22:24:08,5364888869,noon_day
2025-04-27 22:25:18,5364888869,noon_day
2025-04-27 22:25:21,5364888869,noon_day
2025-04-27 22:25:25,5364888869,noon_day
2025-04-27 22:26:13,5364888869,noon_day
2025-04-27 22:26:18,5364888869,noon_day
2025-04-27 22:26:35,5364888869,noon_day
2025-04-27 22:26:38,5364888869,noon_day
2025-04-27 22:26:40,5364888869,noon_day
2025-04-27 22:26:44,5364888869,noon_day
2025-04-27 22:26:50,5364888869,noon_day
2025-04-27 22:26:54,5364888869,noon_day
2025-04-27 22:26:58,5364888869,noon_day
2025-04-27 22:35:24,5364888869,noon_day
2025-04-27 22:35:26,5364888869,noon_day
2025-04-27 22:35:32,5364888869,noon_day
2025-04-27 22:36:03,5364888869,noon_day
2025-04-29 09:52:36,5364888869,noon_day
2025-04-29 09:52:39,5364888869,noon_day
2025-05-03 14:57:29,5364888869,noon_day
2025-05-03 14:57:40,5364888869,noon_day
